Energy (eV),Wavelength (nm),Oscillator Strength (f)
8.19215554372038,151.36431350482724,1.2451251803702614
